Location,Period,Life expectancy at birth (years),Population using at least basic drinking-water services (%),Current health expenditure (CHE) as percentage of gross domestic product (GDP) (%),"Alcohol, recorded per capita (15+) consumption (in litres of pure alcohol)",Estimated number of people (all ages) living with HIV,General government expenditure on health as a percentage of total government expenditure,External resources for health as a percentage of total expenditure on health,Population practising open defecation (%),Population using at least basic sanitation services (%),Estimate of current tobacco use prevalence (%) (age-standardized rate),Hepatitis B (HepB3) immunization coverage among 1-year-olds (%),Neonates protected at birth against neonatal tetanus (PAB) (%),Measles-containing-vaccine second-dose (MCV2) immunization coverage by the nationally recommended age (%)
Afghanistan,2019,63.21,,,0.01,11000,,,,,,66,68,39
Afghanistan,2015,61.65,52.39,10.11,0,7600,,,14.18,40.71,,65,70,39
Afghanistan,2010,59.94,40.52,8.57,0.02,4600,14.4,25.54,18.4,34.18,,66,79,29
Afghanistan,2000,54.99,21.62,,,1500,,,26.02,23.52,,,32,
Albania,2019,78,,,4.4,1400,,,,,,99,96,96
Albania,2015,77.84,89.88,4.9,4.33,1200,,,0,97.69,,99,92,98
Albania,2010,76.25,82.29,4.75,4.88,770,8.46,2.1,0.3,95.57,31.1,99,87,98
Albania,2000,73.55,81.78,7.23,3.92,70,7.08,6.02,0.86,88.33,,96,86,
Algeria,2019,77.13,,,0.59,22000,,,,,,91,98,77
Algeria,2015,76.54,88.69,6.98,0.55,15000,,,0.8,87.5,,95,92,99
Algeria,2010,75.85,86.9,5.12,0.35,7900,9.65,0.03,2.35,86.56,20,95,90,95
Algeria,2000,72.21,83.32,3.49,0.25,2000,8.79,0.1,6.38,83.73,,,64,78
Angola,2019,63.06,,,5.84,340000,,,,,,53,70,45
Angola,2015,61.72,26.71,2.61,6.53,290000,,,22.53,47.37,,55,78,26
Angola,2010,58.07,24.88,2.7,7.58,220000,5.43,2.35,29.07,41.06,,49,75,
Angola,2000,49.3,21.15,1.91,1.47,75000,2.86,3.08,42.87,27.56,,,60,
Antigua and Barbuda,2019,76.45,,,11.88,,,,,,,99,,95
Antigua and Barbuda,2015,76.14,0,5.28,9.06,,,,0.26,87.5,,99,,84
Antigua and Barbuda,2010,75.95,0,5.38,7.16,,16.36,0,0.51,86.33,,98,,92
Antigua and Barbuda,2000,74.56,0,4.69,6.86,,11.42,,1.35,82.41,,,,
Argentina,2019,76.58,,,7.95,140000,,,,,,86,,89
Argentina,2015,76.17,92.98,10.23,8.49,120000,,,,94.23,,94,,87
Argentina,2010,75.44,90.22,9.45,8.15,100000,14.07,0.43,1.86,92.62,30.1,94,,94
Argentina,2000,74.09,76.4,8.47,7.68,59000,17.59,0.03,,86.98,,,,56
Armenia,2019,76.03,,,3.77,3500,,,,,,92,,96
Armenia,2015,74.51,99.6,10.12,4.04,3400,,,0,93.06,,94,,97
Armenia,2010,73.12,96.14,9.24,4.23,3300,6.97,7.55,0.02,90.96,30,94,,97
Armenia,2000,71.88,88.56,4.2,2.91,960,5.26,8.7,0.06,86.9,,55,,94
Australia,2019,83.04,,,9.51,29000,,,,,,95,,94
Australia,2015,82.28,100,9.32,9.68,26000,,,0,99.99,,93,,93
Australia,2010,81.9,99.71,8.43,10.52,21000,17.11,,0,99.99,20.4,92,,88
Australia,2000,79.69,99.06,7.61,10.17,14000,16,,0,99.99,,,,
Austria,2019,81.65,,,11.9,0,,,,,,85,,84
Austria,2015,80.98,100,10.37,11.6,0,,,0,99.98,,93,,88
Austria,2010,80.39,100,10.22,12.1,0,15.91,0,0,99.99,36.1,86,,69
Austria,2000,78.17,100,9.2,13.35,0,14.51,0,0,100,,33,,35
Azerbaijan,2019,71.43,,,1.38,9700,,,,,,94,,97
Azerbaijan,2015,70.67,79.28,4.11,0.51,9500,,,0.16,92.46,,96,,98
Azerbaijan,2010,69.03,73.56,2.49,0.99,9500,4.22,0.71,0.24,82.55,22.8,80,,89
Azerbaijan,2000,65.52,54.93,2.95,0.66,5600,5.35,4.01,0.14,63.21,,,,
Bahamas,2019,73.21,,,9.48,0,,,,,,86,100,82
Bahamas,2015,72.92,0,5.21,9.27,0,,,0.22,94.93,,95,100,76
Bahamas,2010,72.96,0,5.26,9.21,0,17.63,,0.53,92.84,11.1,98,99,78
Bahamas,2000,70.94,0,3.8,11.93,0,14.79,0.03,1.14,87.6,,,85,
Bahrain,2019,75.81,,,1.18,0,,,,,,99,98,99
Bahrain,2015,76.46,0,4.98,1.53,0,,,0,100,,98,98,99
Bahrain,2010,74.52,0,3.84,1.96,0,9.08,0,0,99.99,26,99,94,98
Bahrain,2000,70.47,0,3.56,1.97,0,10.23,0.01,0,99.85,,97,84,92
Bangladesh,2019,74.25,,,0,0,,,,,,98,98,95
Bangladesh,2015,73.58,96.43,2.46,0.01,0,,,1.25,45.74,,98,97,90
Bangladesh,2010,70.29,95.75,2.5,0,0,8.27,8.04,6.39,39.2,43.5,94,93,
Bangladesh,2000,65.59,94.15,2,0.01,0,8.1,7.26,17.68,25.64,,,89,
Barbados,2019,76.03,,,9.94,2700,,,,,,90,,77
Barbados,2015,76.22,0,6.77,9.68,2800,,,0.83,96.36,,97,,89
Barbados,2010,75.88,0,6.77,8.66,3000,9.71,2.19,0.79,93.85,9.3,86,,96
Barbados,2000,74.5,0,5.33,7.31,3500,9.86,3.98,0.7,88.85,,,,
Belarus,2019,74.81,,,10.57,28000,,,,,,97,,98
Belarus,2015,73.82,95.94,6.07,9.79,22000,,,0,97.76,,99,,99
Belarus,2010,70.39,97.22,5.66,14.43,12000,13.4,0.52,0,95.41,31,96,,99
Belarus,2000,68.85,98.88,5.47,12.92,1500,10.09,0.09,0,91.67,,70,,92
Belgium,2019,81.42,,,9.15,0,,,,,,97,,85
Belgium,2015,80.71,100,10.43,10.36,0,,,0,99.49,,98,,85
Belgium,2010,79.85,100,10.23,10.27,0,15,,0,99.49,27,97,,83
Belgium,2000,77.66,100,8,11.21,0,12.34,,0,99.48,,60,,
Belize,2019,74.41,,,5.93,0,,,,,,98,91,95
Belize,2015,74.05,95.65,5.82,6.71,0,,,1.22,87.21,,94,91,95
Belize,2010,73.39,91.76,5.6,6.47,0,13.12,5.02,2.31,85.63,,96,88,91
Belize,2000,70.34,84.26,3.92,4.7,0,6.51,2.08,4.47,82.44,,76,85,
Benin,2019,63.43,,,1.25,75000,,,,,,76,81,
Benin,2015,61.96,57.87,2.91,1.53,72000,,,54.94,16.01,,74,85,
Benin,2010,60.47,56.07,2.99,1.35,64000,12.44,29.29,59.2,13.39,10.4,76,92,
Benin,2000,56.59,52.04,3.1,1.44,48000,9.99,17.04,67.61,8.6,,,87,
Bhutan,2019,73.11,,,0.07,0,,,,,,97,90,92
Bhutan,2015,72.15,96.13,3.66,0.04,0,,,0.5,67.29,,99,89,94
Bhutan,2010,71.01,90.28,3.47,0.23,0,11.02,10.52,3.69,61.9,,91,89,85
Bhutan,2000,65.7,78.3,4.31,1.66,0,12.19,20.72,10.12,49.76,,98,85,
Bolivia (Plurinational State of),2019,72.14,,,2.98,19000,,,,,,75,87,44
Bolivia (Plurinational State of),2015,71.52,75.41,6.55,3.15,17000,,,15.47,56.91,,89,87,
Bolivia (Plurinational State of),2010,70.34,68.64,5.2,3.37,16000,11.87,4.09,21.09,47.8,,91,74,
Bolivia (Plurinational State of),2000,66.02,54.22,4.4,2.3,22000,8.67,6.45,33.04,34.51,,77,67,
Bosnia and Herzegovina,2019,76.75,,,5.46,0,,,,,,80,,76
Bosnia and Herzegovina,2015,76.32,94.85,9.34,4.9,0,,,0,95.31,,82,,88
Bosnia and Herzegovina,2010,76.19,95.94,9.02,4.57,0,13.67,1.36,0.03,95.22,41.4,89,,91
Bosnia and Herzegovina,2000,75.42,96.26,7.65,3.87,0,11.33,9.07,0.66,95.08,,,,74
Botswana,2019,62.25,,,5.98,380000,,,,,,95,91,76
Botswana,2015,60.93,71.89,5.73,6.14,370000,,,12.09,74.76,,95,92,80
Botswana,2010,58.14,62.91,6.19,5.7,340000,8.62,7.9,15.14,66.84,26.4,95,92,
Botswana,2000,45.59,53.58,5.83,5.38,280000,7.49,0.46,21.71,51.92,,86,80,
Brazil,2019,75.9,,,6.12,920000,,,,,,80,94,54
Brazil,2015,75.13,87,8.87,6.63,800000,,,1.91,86.55,,96,93,80
Brazil,2010,74.09,82.7,7.95,7.16,670000,9.9,0.27,4.02,82.12,22.3,96,92,53
Brazil,2000,71.47,74.08,8.33,7.3,410000,4.08,0.54,8.94,72.86,,94,92,95
Brunei Darussalam,2019,74.32,,,0.69,0,,,,,,99,96,98
Brunei Darussalam,2015,74.4,0,2.39,0.67,0,,,2.6,96.35,,99,95,97
Brunei Darussalam,2010,74.57,0,2.28,0.25,0,6.29,0,2.6,96.35,16.1,96,95,93
Brunei Darussalam,2000,72.2,0,2.54,0.35,0,6.26,0,,,,99,77,95
Bulgaria,2019,75.07,,,11.18,3300,,,,,,85,,87
Bulgaria,2015,74.55,98.24,7.41,10.89,2500,,,0,85.98,,92,,87
Bulgaria,2010,73.64,98.74,7.14,9.82,1600,11.02,,0,85.93,43.1,95,,96
Bulgaria,2000,71.61,99.47,5.83,10.26,250,9,1.93,0,85.83,,94,,83
Burkina Faso,2019,62.7,,,7.28,100000,,,,,,91,92,71
Burkina Faso,2015,60.92,37.09,5.83,7.03,110000,,,49.42,18.83,,91,92,50
Burkina Faso,2010,58.59,42.19,5.89,5.44,110000,15.72,36.1,56.51,16.98,20.4,91,85,
Burkina Faso,2000,51.64,50.79,3.32,4.51,140000,8.76,14.01,71.39,11.29,,,57,
Burundi,2019,63.84,,,4.07,85000,,,,,,93,90,80
Burundi,2015,62.05,55.56,6.58,3.99,89000,,,2.65,45.88,,94,85,65
Burundi,2010,58.6,52.94,11.28,4.61,95000,13.47,50.72,2.7,45.93,15.5,96,94,
Burundi,2000,43.78,47.84,6.18,7.17,130000,7.13,19.3,2.76,45.21,,,51,
Cabo Verde,2019,74.03,,,4.7,2500,,,,,,97,92,91
Cabo Verde,2015,74.88,72.87,4.82,4.54,2300,,,23.61,70.47,,94,92,95
Cabo Verde,2010,74.12,71.32,4.48,4.93,2100,8.66,5.54,32.13,60.94,,98,92,
Cabo Verde,2000,70.97,70.31,4.43,3.49,1600,9.89,13.01,51,40.04,,,60,
Cambodia,2019,70.12,,,4.56,73000,,,,,,92,93,82
Cambodia,2015,69.17,69.86,6.19,3.34,78000,,,37.69,53.39,,92,93,61
Cambodia,2010,67.22,62.24,6.91,2.16,85000,7.24,16.14,53.58,37.82,30.6,91,91,
Cambodia,2000,58.68,47.05,6.54,0.6,110000,8.91,9.24,84.59,9.96,,,58,
Cameroon,2019,62.36,,,4.09,510000,,,,,,67,83,
Cameroon,2015,59.11,39.05,3.75,4.55,520000,,,7.06,38.86,,78,85,
Cameroon,2010,56.58,39.03,3.76,5.88,520000,8.53,6.79,7.19,39.03,9.6,84,91,
Cameroon,2000,52.82,37.94,4.3,3.89,380000,6.09,4.19,7.41,40.04,,,54,
Canada,2019,82.24,,,8,0,,,,,,74,,87
Canada,2015,81.76,98.77,10.68,8,0,,,0,99.36,,69,,86
Canada,2010,81.31,98.5,10.68,8.4,0,18.23,,0,99.56,24.7,56,,
Canada,2000,79.1,98.18,8.28,,0,15.07,,0,99.78,,,,
Central African Republic,2019,53.1,,,0.94,100000,,,,,,47,60,
Central African Republic,2015,50.53,33.75,5.03,0.9,110000,,,23.85,25.18,,47,60,
Central African Republic,2010,48.51,35.55,3.65,1.96,130000,9.74,25.12,23.97,23.07,,45,86,
Central African Republic,2000,44.34,44.01,4.33,1.68,150000,12.64,19.31,22.95,15.02,,,36,
Chad,2019,59.63,,,0.55,120000,,,,,,50,78,
Chad,2015,57.91,29.77,4.52,0.66,110000,,,67.56,8.84,,42,75,
Chad,2010,55.65,30.49,4.06,0.55,100000,4.86,8.8,68.78,10.37,13,39,60,
Chad,2000,51.08,31.73,5.46,0.3,88000,12.95,24.88,70.76,11.55,,,39,
Chile,2019,80.74,,,7.8,74000,,,,,,96,,91
Chile,2015,79.82,98.16,8.3,7.89,55000,,,0.15,99.63,,97,,89
Chile,2010,78.46,90.3,6.77,7.55,37000,13.8,0.02,1.01,97.31,48.3,92,,84
Chile,2000,76.77,74.56,7.04,6.24,18000,14.5,0.05,2.35,92.07,,,,
China,2019,77.43,,,4.48,0,,,,,,99,,98
China,2015,76.64,84.21,4.89,5.66,0,,,0.46,81.68,,99,,99
China,2010,74.89,79.32,4.21,5.75,0,10.24,0.12,1.14,73.55,26.6,99,,99
China,2000,71.58,70.4,4.47,3.01,0,10.82,0.12,2.76,56.29,,60,,
Colombia,2019,79.31,,,4.09,200000,,,,,,92,95,88
Colombia,2015,78.35,84.64,7.52,4.16,160000,,,3.65,87.55,,91,85,86
Colombia,2010,77.09,80.13,7.07,4.22,130000,18.1,0.11,5.22,82.3,11,88,79,74
Colombia,2000,73.75,71.1,5.64,4.52,100000,19.3,0.32,8.96,71.57,,78,70,84
Comoros,2019,67.39,,,0.18,130,,,,,,91,85,
Comoros,2015,66.45,76.91,4.74,0.14,120,,,0.59,35.82,,91,85,
Comoros,2010,64.98,81.38,5.09,0.13,100,6.15,14.22,0.61,34.33,26.6,74,85,
Comoros,2000,61.51,89.65,7.32,0.08,40,9.32,20.87,0.66,29.2,,,57,
Congo,2019,64.74,,,5.74,100000,,,,,,79,85,9
Congo,2015,63.11,41.39,3.42,4.47,93000,,,8.74,18.94,,80,85,
Congo,2010,60.95,31.2,1.98,4.02,83000,6.47,5.12,8.65,16.08,13.5,74,83,
Congo,2000,52.12,18.01,1.69,2.05,76000,4.79,4.59,8.24,11.92,,,67,
Costa Rica,2019,80.85,,,3.07,14000,,,,,,98,,93
Costa Rica,2015,80.78,98.8,7.82,3.19,11000,,,0.26,97.27,,92,,90
Costa Rica,2010,79.56,94.88,8.11,3.74,8300,28.99,0.67,0.43,95.74,12.8,89,,79
Costa Rica,2000,78,87.02,6.59,4.24,3700,24.25,0.91,0.8,93.26,,89,,
Côte d’Ivoire,2019,62.92,,,1.7,430000,,,,,,84,85,
Côte d’Ivoire,2015,60.2,57.58,4.42,1.54,460000,,,26.83,30.57,,79,85,
Côte d’Ivoire,2010,56.62,56.92,6.1,1.12,500000,8.22,10.2,29.7,26.84,15.6,79,82,
Côte d’Ivoire,2000,50.33,55.55,5.6,4.65,620000,10.03,4.4,36.12,21,,,76,
Croatia,2019,78.64,,,9.64,1600,,,,,,93,,95
Croatia,2015,77.58,99.57,6.79,9.64,1400,,,,96.49,,94,,96
Croatia,2010,76.72,98.69,8.1,10.71,1000,15.26,0.02,,96.37,35.6,97,,98
Croatia,2000,74.36,100,7.7,13.24,420,13.02,0.43,0.45,96.16,,,,
Cuba,2019,77.76,,,4.7,32000,,,,,,99,,99
Cuba,2015,77.91,89.67,12.81,4.65,27000,,,0.36,92.43,,99,,99
Cuba,2010,77.65,86.46,10.69,4.28,17000,13.87,0.05,0.84,90.2,34.4,96,,98
Cuba,2000,76.76,80.2,6.58,3.93,4200,10.8,0.16,1.84,87.03,,98,,
Cyprus,2019,83.14,,,9.59,0,,,,,,94,,88
Cyprus,2015,82.01,99.55,6.93,9.59,0,,,0,99.26,,97,,88
Cyprus,2010,81.02,99.72,6.52,11.33,0,7.42,,0,99.51,38.8,96,,88
Cyprus,2000,78.75,100,5.31,9.56,0,6.48,0.01,0,99.85,,89,,
Czechia,2019,79.13,,,12.73,0,,,,,,97,,84
Czechia,2015,78.46,99.82,7.24,12.76,0,,,0,99.14,,97,,99
Czechia,2010,77.56,99.75,6.93,12.68,0,14.23,,0,99.14,32.9,99,,98
Czechia,2000,74.95,99.61,5.72,13.9,0,13.69,,0,99.14,,,,98
Democratic People's Republic of Korea,2019,72.63,,,3.61,0,,,,,,97,98,98
Democratic People's Republic of Korea,2015,71.76,91.62,,3.97,0,,,0,81.67,,96,97,85
Democratic People's Republic of Korea,2010,70.18,95.2,,3.11,0,,,0,78.03,19.8,93,91,76
Democratic People's Republic of Korea,2000,63.95,99.1,,3.54,0,,,,,,,81,
Democratic Republic of the Congo,2019,62.35,,,0.56,520000,,,,,,57,85,
Democratic Republic of the Congo,2015,60.44,22.34,4,0.6,510000,,,12.04,20.44,,63,82,
Democratic Republic of the Congo,2010,57.51,19.95,3.75,0.64,530000,7.81,44.71,11.51,20.5,,60,77,
Democratic Republic of the Congo,2000,52.44,15.52,1.45,0.55,570000,1.78,2.09,10.21,21.4,,,45,
Denmark,2019,81.32,,,9.16,0,,,,,,,,90
Denmark,2015,80.59,100,10.23,9.42,0,,,0,99.6,,,,80
Denmark,2010,79.17,100,10.33,10.27,0,16.34,0,0,99.6,25.3,,,85
Denmark,2000,76.93,100,8.1,11.68,0,13.59,0,0,99.6,,,,
Djibouti,2019,65.81,,,0.21,6800,,,,,,85,98,81
Djibouti,2015,64.64,47.96,3.08,0.32,8100,,,17.61,61.09,,84,80,82
Djibouti,2010,61.87,50.21,3.06,0.48,11000,14.14,19.22,18.22,54.84,,88,79,
Djibouti,2000,59.84,54.72,2.94,1.24,14000,11.97,32.6,18.94,47.24,,,46,
Dominican Republic,2019,72.84,,,5.56,72000,,,,,,87,99,60
Dominican Republic,2015,71.75,89.36,5.78,5.39,73000,,,3.08,83.18,,81,90,
Dominican Republic,2010,73.17,85.99,5.58,5.54,80000,12.19,5.53,3.66,81.39,12.6,83,87,
Dominican Republic,2000,73.22,79.43,4.88,6.72,99000,15.86,2.13,5.17,77.75,,68,48,
Ecuador,2019,78.45,,,3.05,47000,,,,,,85,88,76
Ecuador,2015,77.18,81.88,8.59,3.69,40000,,,3.11,86.1,,78,88,76
Ecuador,2010,75.02,77.93,7.12,3.97,34000,7.09,1.85,6.75,80.56,,90,74,91
Ecuador,2000,74.53,70.22,3.32,4.01,25000,5.08,4.36,14.28,69.67,,36,42,
Egypt,2019,71.82,,,0.14,26000,,,,,,95,86,94
Egypt,2015,70.49,98.57,5.34,0.18,13000,,,0,93.97,,93,86,92
Egypt,2010,70.2,97.94,4.15,0.21,5700,5.6,0.59,0.57,93.4,21.2,97,86,97
Egypt,2000,69.82,96.69,4.92,0.14,2200,7.33,1.03,1.66,92.22,,98,80,97
El Salvador,2019,75.03,,,2.94,27000,,,,,,81,92,87
El Salvador,2015,73.25,89.25,7.63,2.54,28000,,,1.89,87.01,,91,90,88
El Salvador,2010,74.5,76.36,8.24,2.3,27000,13.51,1.9,4.79,85.76,15.1,89,88,78
El Salvador,2000,72.5,55.52,8.92,2.65,16000,15.08,0.89,10.17,83.2,,99,83,
Equatorial Guinea,2019,62.19,,,6.11,65000,,,,,,53,65,
Equatorial Guinea,2015,61.13,30.78,2.92,8.11,51000,,,2.87,66.18,,40,70,
Equatorial Guinea,2010,59.65,32.6,1.82,8.96,34000,6.96,2.77,4.51,63.83,,,75,
Equatorial Guinea,2000,54.31,38.69,2.15,6.7,13000,8.66,7.42,10.68,54.79,,,61,
Eritrea,2019,64.08,,,0.93,14000,,,,,,95,99,88
Eritrea,2015,62.29,27.8,4.46,1.03,15000,,,67.35,11.84,,95,94,88
Eritrea,2010,60.7,28.33,4.91,1.13,17000,3.6,33.99,70.5,11.2,9.2,95,93,
Eritrea,2000,54.51,30.99,5.77,0.88,19000,2.61,27.3,82.73,8.29,,,80,
Estonia,2019,78.88,,,11.65,0,,,,,,91,,90
Estonia,2015,77.6,99.19,6.35,16.72,0,,,0,99.13,,91,,92
Estonia,2010,75.87,98.65,6.27,14.97,0,12.31,0.9,0,99.33,34.7,94,,95
Estonia,2000,70.94,97.29,5.16,9.03,0,11.3,0.31,0,99.72,,,,89
Eswatini,2019,57.73,,,7.68,200000,,,,,,90,88,75
Eswatini,2015,54.05,59.37,7.03,7.49,200000,,,8.08,57.87,,90,88,83
Eswatini,2010,47.43,54,8.59,6.49,180000,15.42,14.26,13.27,55.32,11.1,89,86,99
Eswatini,2000,47.05,42.52,4.61,6.8,120000,10.54,5.76,23.45,50.14,,83,80,
Ethiopia,2019,68.7,,,1.16,670000,,,,,,68,93,41
Ethiopia,2015,66.82,29.11,3.82,0.76,670000,,,28.83,6.86,,63,80,
Ethiopia,2010,62.92,23.42,5.47,0.4,670000,19.84,50.15,45.38,5.71,5.5,62,88,
Ethiopia,2000,50.58,18.7,4.37,0.19,860000,9.36,16,79.05,3.4,,,54,
Fiji,2019,68.01,,,2.71,1000,,,,,,99,96,94
Fiji,2015,67.83,88.84,3.32,2.63,730,,,0.09,94.54,,99,94,94
Fiji,2010,67.6,89.54,3.42,2.42,440,10.7,8.67,0.31,89.08,29,99,94,94
Fiji,2000,65.9,90.65,3.42,2.46,120,11.32,7.42,0.63,79.52,,98,84,
Finland,2019,81.61,,,8.23,0,,,,,,,,93
Finland,2015,81.21,100,9.65,8.52,0,,,0,99.45,,,,
Finland,2010,79.88,100,9.14,9.72,0,12.08,0.01,0,99.45,23.4,,,
Finland,2000,77.6,100,7.09,8.88,0,10.64,0,0,99.45,,,,
France,2019,82.48,,,11.44,190000,,,,,,91,,83
France,2015,81.91,100,11.47,11.87,170000,,,0,98.65,,88,,79
France,2010,81.22,100,11.24,12.3,140000,15.38,,0,98.66,34.5,64,,61
France,2000,78.91,100,9.58,13.92,82000,15.18,0,0,98.66,,26,,
Gabon,2019,66.47,,,6.47,51000,,,,,,70,85,
Gabon,2015,64.93,55.05,2.66,8.06,50000,,,2.99,47.32,,80,85,
Gabon,2010,62.16,49.35,2.48,8.36,44000,10.66,0.84,2.6,43.38,,67,75,
Gabon,2000,58.1,37.02,2.91,8.89,30000,5.3,2.28,1.71,34.46,,,39,
Gambia,2019,65.47,,,2.67,28000,,,,,,88,92,61
Gambia,2015,64.14,63.37,3.18,2.69,25000,,,1.11,39.01,,97,92,81
Gambia,2010,62.42,64.88,4.09,2.82,20000,14.55,34.47,2.49,44.1,17.1,97,91,
Gambia,2000,59.24,67.84,6.64,3.16,10000,10.37,19.13,5.72,57.65,,91,92,
Georgia,2019,73.28,,,7.45,9100,,,,,,94,,97
Georgia,2015,72.58,95.26,7.93,6.95,6000,,,0,90.49,,94,,91
Georgia,2010,71.87,91.36,9.55,7.72,2900,6.55,2.91,0,91.76,31.6,95,,84
Georgia,2000,69.41,86.97,7.4,3.29,230,6.91,1.19,1.38,95.06,,55,,
Germany,2019,81.72,,,10.56,0,,,,,,87,,93
Germany,2015,80.42,100,11.18,11.06,0,,,0,99.22,,87,,93
Germany,2010,80.17,100,11.1,11.58,0,18.15,,0,99.22,30.3,88,,93
Germany,2000,78.09,100,9.89,12.91,0,17.87,0,0,99.22,,84,,
Ghana,2019,66.28,,,1.59,340000,,,,,,97,89,83
Ghana,2015,64.55,66.04,4.62,1.75,330000,,,18.5,17.15,,88,88,63
Ghana,2010,62,62.19,4.69,1.6,290000,14.93,17.72,19.63,13.95,4.7,94,86,
Ghana,2000,59.24,54.03,3,1.95,260000,7.85,14.84,21.86,8.56,,,69,
Greece,2019,81.1,,,6.33,0,,,,,,96,,83
Greece,2015,80.38,100,8.02,6.68,0,,,0,98.98,,96,,83
Greece,2010,80.1,99.74,9.52,8.33,0,11.85,,0,98.44,43.4,95,,77
Greece,2000,78.17,98.69,7.24,8.6,0,9.83,,1.12,97.33,,89,,
Grenada,2019,72.88,,,8.62,,,,,,,94,,82
Grenada,2015,72.7,0,4.65,8.2,,,,3.54,91.49,,92,,89
Grenada,2010,71.97,0,5.42,7.71,,10.98,5.25,3.16,92.49,,97,,86
Grenada,2000,71.97,0,5.36,9.21,,13.22,,1.87,89.73,,,,
Guatemala,2019,72.02,,,1.63,36000,,,,,,86,90,78
Guatemala,2015,70.95,88.97,5.86,1.65,37000,,,5.74,64.98,,74,90,
Guatemala,2010,69.3,85.47,6.15,2.03,35000,15.69,1.98,8.41,64.66,,94,85,
Guatemala,2000,66.78,78.4,5.69,2.52,24000,14.42,3.57,14.06,63.3,,,67,
Guinea,2019,61.01,,,0.33,110000,,,,,,47,80,
Guinea,2015,58.81,49.72,5.81,0.38,100000,,,15.83,21.06,,47,80,
Guinea,2010,58.07,51.67,3.42,0.2,95000,6.78,36.45,19.61,17.27,,64,90,
Guinea,2000,54.26,53.1,4.75,0.18,80000,6.42,22.84,27.54,9.43,,,79,
Guinea-Bissau,2019,60.22,,,3.21,40000,,,,,,84,83,
Guinea-Bissau,2015,58.23,52.76,8.59,3.13,39000,,,18.09,19.82,,88,80,
Guinea-Bissau,2010,55.43,49.07,6.47,3.06,35000,9.08,32.07,23.84,16.92,,82,78,
Guinea-Bissau,2000,50.28,41.41,6.84,3.02,21000,2.25,30,36.16,11.65,,,49,
Guyana,2019,65.69,,,5.11,8700,,,,,,99,99,92
Guyana,2015,65.59,100,5.37,5.48,8100,,,0.65,85.35,,95,99,95
Guyana,2010,64.77,90.9,5.87,5.56,7000,14.72,24.96,0.86,83.28,17.1,95,97,82
Guyana,2000,62.96,85.88,4.19,6.82,2500,10.77,3.95,1.31,78.81,,,82,
Haiti,2019,64.05,,,2.85,160000,,,,,,51,81,41
Haiti,2015,62.61,42.42,8.63,2.78,150000,,,21.5,32.5,,64,81,
Haiti,2010,31.28,41.83,8.15,2.28,140000,5.48,32.74,25.93,27.16,9.7,,70,
Haiti,2000,57.05,40.48,6.88,3.63,140000,16.01,9.38,37.07,16.75,,,41,
Honduras,2019,71.94,,,2.73,25000,,,,,,87,99,85
Honduras,2015,69.82,87.31,7.48,2.49,24000,,,7.41,79.22,,98,94,
Honduras,2010,71.15,83.55,8.73,2.69,25000,15.63,4.93,11.18,74.06,,97,94,
Honduras,2000,70.04,75.99,6.27,2.47,35000,15.26,2.49,19.86,62.64,,93,93,
Hungary,2019,76.44,,,10.79,0,,,,,,,,99
Hungary,2015,75.57,100,6.89,10.95,0,,,0,98,,,,99
Hungary,2010,74.58,100,7.51,10.7,0,10.45,,0,98.01,34.2,,,99
Hungary,2000,71.34,100,6.78,12.23,0,10.63,,0,98.04,,,,99
Iceland,2019,82.33,,,7.72,0,,,,,,,,95
Iceland,2015,82.14,100,8.13,7.66,0,,,0,98.78,,,,94
Iceland,2010,81.68,100,8.53,6.79,0,14.41,,0,98.78,19.4,,,92
Iceland,2000,79.7,100,8.95,6.14,0,18.26,0,0,98.8,,,,
India,2019,70.79,,,3.09,0,,,,,,91,90,84
India,2015,69.31,88.9,3.6,3,0,,,31.1,54.35,,87,87,69
India,2010,67.23,83.77,3.27,2.73,0,4.29,1.27,44.69,41.47,34.8,38,87,
India,2000,62.11,74.28,4.03,0.93,0,4.39,0.55,72.63,16.37,,,85,
Indonesia,2019,71.31,,,0.08,0,,,,,,85,85,71
Indonesia,2015,70.61,80.16,2.99,0.08,0,,,12.1,69.38,,84,85,31
Indonesia,2010,69.26,75.54,2.96,0.08,0,6.12,1.18,18.42,60,38.8,83,85,74
Indonesia,2000,67.17,65.61,1.91,0.06,0,4.35,9.04,32.51,41.09,,65,82,
Iran (Islamic Republic of),2019,77.35,,,0.02,59000,,,,,,99,96,98
Iran (Islamic Republic of),2015,76.66,89.01,7.76,0.01,55000,,,0.54,88.29,,98,95,98
Iran (Islamic Republic of),2010,75.86,89.23,6.75,0.03,48000,12.65,0.01,0.59,87.99,16.8,99,95,99
Iran (Islamic Republic of),2000,72.56,89.66,4.74,0.01,16000,10.61,0.05,0.69,87.25,,99,82,99
Iraq,2019,72.42,,,0.16,,,,,,,84,75,86
Iraq,2015,70.29,86.56,3.14,0.16,,,,0.33,90.74,,68,72,76
Iraq,2010,70.24,75.3,3.23,0.16,,4.82,1.55,1.77,82.44,24.2,72,80,77
Iraq,2000,68.77,52.88,,0.22,,,,4.73,71,,67,75,
Ireland,2019,81.84,,,10.91,7500,,,,,,93,,
Ireland,2015,81.14,96.99,7.32,10.81,6200,,,0,91.05,,95,,
Ireland,2010,80.41,97,10.5,11.57,4800,9.29,,0,90.55,28.2,46,,
Ireland,2000,76.41,97.02,5.91,13.84,1900,14.46,,0,89.54,,,,
Israel,2019,82.62,,,3.07,0,,,,,,96,,96
Israel,2015,81.93,100,7.11,2.74,0,,,0,100,,96,,97
Israel,2010,81.56,100,7.02,2.78,0,11.18,,0,100,27.8,97,,93
Israel,2000,78.57,100,6.8,2.58,0,9.29,,0,100,,98,,
Italy,2019,82.97,,,7.65,130000,,,,,,95,,88
Italy,2015,82.21,99.38,8.86,7.14,130000,,,0,98.77,,93,,83
Italy,2010,81.9,99.59,8.92,6.95,110000,14.56,,0,98.77,24.7,96,,
Italy,2000,79.36,100,7.57,9.78,65000,12.54,,,,,94,,
Jamaica,2019,75.98,,,3.46,32000,,,,,,96,91,92
Jamaica,2015,75.85,84.4,5.63,3.27,31000,,,0.75,86.95,,91,80,83
Jamaica,2010,75.77,85.48,5.3,2.94,28000,8.47,0.98,0.79,85.04,14,94,80,56
Jamaica,2000,74.22,88.19,5.64,3.77,25000,7.37,1.68,0.89,81.99,,,51,
Japan,2019,84.26,,,8.36,0,,,,,,99,,93
Japan,2015,83.62,0,10.89,8.55,0,,,0,99.91,,,,93
Japan,2010,82.68,0,9.16,8.28,0,19.36,,0,99.95,26.4,,,97
Japan,2000,81.12,0,7.15,7.96,0,15.38,,0,100,,,,
Jordan,2019,77.87,,,0.25,0,,,,,,89,90,96
Jordan,2015,77.82,97.78,7.59,0.3,0,,,0.18,97.53,,99,90,96
Jordan,2010,76.59,97.97,8.39,0.46,0,19.46,4.72,0.16,97.89,,98,87,95
Jordan,2000,72.65,98.36,9.63,0.47,0,13.71,4.45,0.12,98.46,,93,44,83
Kazakhstan,2019,73.95,,,3.73,33000,,,,,,97,,98
Kazakhstan,2015,71.91,89.76,3.04,3.33,23000,,,0,97.74,,98,,98
Kazakhstan,2010,68.43,83.53,2.74,3.94,13000,11.42,0.66,0.04,97.4,27.9,99,,99
Kazakhstan,2000,63.15,72.36,4.16,5.81,4000,9.15,7.35,0.05,96.8,,99,,98
Kenya,2019,66.09,,,1.68,1500000,,,,,,92,88,45
Kenya,2015,64.17,48.18,5.22,1.65,1500000,,,11.14,29.55,,89,80,28
Kenya,2010,61.18,44.57,6.12,1.52,1400000,5.85,35.33,13.18,30.86,14.4,90,78,
Kenya,2000,53.87,37.21,4.64,1.51,1500000,10.55,7.98,17.41,33.59,,,68,
Kiribati,2019,59.42,,,0.43,,,,,,,94,90,91
Kiribati,2015,58.2,0,7.99,0.35,,,,30.84,45.36,,82,90,76
Kiribati,2010,58.01,0,9.21,0.49,,10.22,17.16,36.82,38.92,58.1,91,80,21
Kiribati,2000,55.73,0,8.65,0.56,,10.39,28.02,48.78,23.69,,90,,
Kuwait,2019,80.97,,,0,0,,,,,,91,99,94
Kuwait,2015,81.13,0,4.01,0,0,,,0,100,,99,95,96
Kuwait,2010,79.83,0,2.76,0,0,5.22,0,0,100,23.6,99,95,99
Kuwait,2000,77.86,0,2.51,0.01,0,5.22,0,0,100,,95,77,
Kyrgyzstan,2019,74.18,,,4.02,10000,,,,,,95,,98
Kyrgyzstan,2015,71.59,81.39,7.15,5.37,7500,,,0,96.54,,97,,96
Kyrgyzstan,2010,69.17,78.45,6.95,6.02,4100,11.89,11.42,0.04,95.4,29.4,96,,98
Kyrgyzstan,2000,65.95,72.91,4.41,5.33,1100,11.97,5.98,0.12,92.49,,44,,96
Lao People's Democratic Republic,2019,68.51,,,8.15,13000,,,,,,68,90,57
Lao People's Democratic Republic,2015,67.08,71.11,2.45,7.09,12000,,,25.15,69.39,,81,90,
Lao People's Democratic Republic,2010,64.88,59.99,2.91,6.1,8800,5.22,28.71,36.55,56.45,47,74,80,
Lao People's Democratic Republic,2000,58.41,37.99,4.28,5.19,2000,5.17,30.02,61.57,28.3,,,58,
Latvia,2019,75.38,,,12.9,5600,,,,,,99,,96
Latvia,2015,74.8,97.88,5.69,10.8,4700,,,0,91.42,,94,,92
Latvia,2010,72.94,97.13,6.14,9.83,4000,9.08,,0,90.33,38.4,91,,93
Latvia,2000,70.18,95.79,5.45,7.13,2300,8.68,0.53,0,88.48,,95,,90
Lebanon,2019,76.44,,,1.14,2700,,,,,,80,,63
Lebanon,2015,75.98,0,7.68,1.15,2200,,,0.04,95.36,,80,,63
Lebanon,2010,75.53,0,7.44,1.37,1400,9.19,0.84,0.07,87.55,42.9,81,,73
Lebanon,2000,74.61,0,10.84,2.37,560,7.58,2.09,0.12,75.06,,83,,56
Lesotho,2019,50.75,,,3.56,340000,,,,,,87,85,82
Lesotho,2015,47.67,59.79,8.49,3.07,330000,,,29.33,39.06,,83,83,82
Lesotho,2010,47.38,61.31,7.62,2.75,310000,13.2,19.47,34.61,29.98,26,93,83,81
Lesotho,2000,47.82,64.39,5.86,3.09,260000,6.29,3.01,46.28,8.9,,,73,
Liberia,2019,64.08,,,3.12,47000,,,,,,74,90,13
Liberia,2015,61.17,60.81,10.38,3.18,49000,,,41.42,16.69,,80,89,
Liberia,2010,60.7,57.74,8.88,3.65,51000,12.8,48.07,45.94,15.92,10.4,70,91,
Liberia,2000,53.77,49.53,4.07,4.47,56000,6.65,9.16,54.99,13.52,,,51,
Libya,2019,75.78,,,0.01,9500,,,,,,73,,72
Libya,2015,74.6,0,,0.01,8300,,,0,99.86,,97,,97
Libya,2010,76.04,0,3.59,0,5800,4.33,0.75,0,99.05,,98,,97
Libya,2000,74.4,0,3.43,0.01,830,6.04,0,0,97.42,,92,,
Lithuania,2019,75.99,,,11.93,3400,,,,,,92,,93
Lithuania,2015,74.38,90.72,6.49,14.2,2700,,,0,92.27,,94,,92
Lithuania,2010,73.14,85.61,6.83,13.22,2100,11.88,3.15,0,89.55,30.8,94,,95
Lithuania,2000,72.04,75.4,6.19,9.87,820,11.32,1.68,0,84.32,,98,,97
Luxembourg,2019,82.41,,,11,0,,,,,,96,,90
Luxembourg,2015,82.31,100,5.28,11.37,0,,,0,97.61,,94,,86
Luxembourg,2010,80.94,100,7.03,11.84,0,15.15,0.1,0,97.64,24.9,94,,
Luxembourg,2000,78.24,100,5.9,13.21,0,16.92,,0,97.71,,77,,
Madagascar,2019,65.35,,,0.89,39000,,,,,,79,78,
Madagascar,2015,64.19,34.78,5.72,0.86,23000,,,43.9,9.74,,69,78,
Madagascar,2010,62.79,30.98,5.32,0.96,9900,18.56,16.85,42.11,7.9,34,70,76,
Madagascar,2000,58.82,23.79,5.23,1.17,2200,14.05,14.7,37.78,4.55,,,58,
Malawi,2019,65.62,,,2.04,1100000,,,,,,95,90,75
Malawi,2015,63.04,63.31,9.33,2.04,1000000,,,6.85,25.58,,88,89,8
Malawi,2010,56.8,58.01,7.24,1.69,910000,20.12,57.69,9.7,23.98,17.4,93,87,
Malawi,2000,44.73,47.29,3.35,1.36,890000,8.98,26.82,15.45,20.8,,,84,
Malaysia,2019,74.72,,,0.64,88000,,,,,,97,95,87
Malaysia,2015,74.95,89.93,3.82,0.55,78000,,,0.29,99.56,,99,90,99
Malaysia,2010,74.25,91.42,3.18,0.52,71000,6.75,0,0.55,98.84,24.5,96,87,95
Malaysia,2000,72.8,94.11,2.53,0.56,52000,5.25,0.68,1.61,96.8,,97,88,
Maldives,2019,79.59,,,1.38,0,,,,,,99,99,99
Maldives,2015,78.41,98.25,8.69,1.26,0,,,0,99.05,,99,99,99
Maldives,2010,76.99,96.55,8.49,1.58,0,14.38,0.55,3.68,91.11,,97,95,96
Maldives,2000,70.96,90.41,7.74,1.99,0,13.75,2.4,14.86,73.8,,96,95,
Mali,2019,62.8,,,0.6,140000,,,,,,77,85,4
Mali,2015,60.89,64.59,4.11,0.62,130000,,,8.66,36.18,,71,85,
Mali,2010,59.05,55.37,4.68,0.6,120000,12.23,24.13,12.52,28.75,12.3,72,85,
Mali,2000,52.64,37.85,5.47,0.58,96000,8.89,7.82,21.08,16.19,,,50,
Malta,2019,81.89,,,8.07,0,,,,,,98,,95
Malta,2015,81.65,100,9.21,7.37,0,,,0,99.96,,95,,91
Malta,2010,80.45,100,8.21,6.99,0,12.71,0,0,99.98,28.6,75,,85
Malta,2000,77.87,100,6.6,5.94,0,11.79,,0,100,,,,
Mauritania,2019,68.38,,,0,5700,,,,,,81,80,
Mauritania,2015,67.41,46.69,4.7,0,6300,,,34.57,43.5,,73,80,
Mauritania,2010,65.59,38.96,3.42,0,7200,6.77,10.65,41.37,32.44,,64,87,
Mauritania,2000,61.96,25.02,4.65,0.03,5600,10.8,10.57,55.13,17.44,,,44,
Mauritius,2019,74.07,,,3.39,11000,,,,,,97,95,99
Mauritius,2015,74.14,99.83,5.7,2.83,11000,,,0.13,95.51,,97,95,96
Mauritius,2010,73.24,99.62,4.58,3.15,11000,10.29,2.33,0.11,94.23,30.1,99,95,90
Mauritius,2000,71.17,98.93,2.9,4.58,2800,8.71,1.38,0.09,90.08,,88,79,
Mexico,2019,76.01,,,4.25,0,,,,,,56,96,73
Mexico,2015,75.87,94.26,5.8,4.24,0,,,1.88,89.42,,82,90,96
Mexico,2010,75.13,88.38,5.98,4.05,0,11.53,0.07,4.49,84.88,17.7,93,88,91
Mexico,2000,74.41,73.13,4.45,5.16,0,10.52,1.01,10.3,75.2,,97,81,98
Micronesia (Federated States of),2019,63.03,,,1.59,,,,,,,84,,52
Micronesia (Federated States of),2015,62.74,0,12.5,1.59,,,,,88.31,,78,,74
Micronesia (Federated States of),2010,62.67,0,13.11,1.75,,18.62,74.46,9.5,67.04,,88,,75
Micronesia (Federated States of),2000,61.19,0,7.77,2.23,,10.92,71.12,,24.5,,87,,50
Mongolia,2019,68.1,,,5.46,620,,,,,,98,,98
Mongolia,2015,67.61,52.86,4.24,8.35,540,,,10.51,57.98,,99,,98
Mongolia,2010,65.05,44.13,3.74,7.73,390,8.41,3.95,11.49,55.52,31.9,96,,95
Mongolia,2000,60.52,28.82,4.87,2.15,40,11.09,26.5,16.91,47.96,,93,,75
Montenegro,2019,75.88,,,9.91,370,,,,,,72,,86
Montenegro,2015,75.27,95.91,,8.49,250,,,0.05,97.73,,82,,94
Montenegro,2010,74.69,95.05,,9.94,130,9.51,0.47,0.14,93.74,,90,,97
Montenegro,2000,73.56,0,,,30,16.87,,,,,,,
Morocco,2019,72.99,,,0.51,21000,,,,,,99,90,99
Morocco,2015,72.46,67.69,5.07,0.39,19000,,,7.47,87.54,,99,88,95
Morocco,2010,71.6,53.25,5.86,0.47,17000,6.48,2.61,11.35,81.1,18,98,89,
Morocco,2000,69.35,28.34,3.98,0.45,9600,4.76,0.47,24.27,65.71,,43,86,
Mozambique,2019,58.14,,,1.46,2200000,,,,,,88,86,85
Mozambique,2015,55.95,35.54,7.24,1.22,2000000,,,31.13,26.87,,88,83,
Mozambique,2010,53.48,24.72,5.83,0.79,1600000,10.37,64.85,40.6,20.86,19.2,74,83,
Mozambique,2000,50.69,19.9,2.62,0.65,800000,16.99,25.3,59.2,10.46,,,75,
Myanmar,2019,69.13,,,2.06,240000,,,,,,90,90,80
Myanmar,2015,67.58,74.82,5.48,1.47,240000,,,9.42,65.09,,89,87,78
Myanmar,2010,64.79,61.97,1.87,0.97,230000,1.77,9.42,9.41,67.01,52.5,92,93,75
Myanmar,2000,59.99,38.06,1.7,0.12,150000,1.3,1.07,9.35,70.89,,,79,
Namibia,2019,64.58,,,2.38,210000,,,,,,87,88,56
Namibia,2015,62.87,68.89,9.71,2.63,200000,,,49.46,33.9,,92,85,
Namibia,2010,60.94,68.09,9.73,1.4,180000,13.86,17.71,51.58,32.14,20.4,83,83,
Namibia,2000,53.32,66.47,9.79,2.65,140000,13.88,3.8,56.06,28.11,,,74,
Nepal,2019,70.88,,,0.36,30000,,,,,,93,89,76
Nepal,2015,69.43,87.48,6.22,0.24,29000,,,26.62,55.74,,91,82,
Nepal,2010,69.18,84.34,4.97,0.23,32000,14.29,10.09,39.69,40.86,43.4,82,81,
Nepal,2000,65.26,77.98,3.57,0.08,16000,7.74,15.21,66.88,15.12,,,67,
Netherlands,2019,81.79,,,8.23,24000,,,,,,92,,90
Netherlands,2015,81.28,100,10.32,8.3,23000,,,0,97.74,,94,,92
Netherlands,2010,80.68,100,10.16,9.34,20000,19.04,,0,97.81,27,,,92
Netherlands,2000,78.01,100,7.71,10.13,11000,11.36,0,0,98.06,,,,
New Zealand,2019,81.96,,,9.17,3500,,,,,,92,,90
New Zealand,2015,81.31,100,9.31,8.68,3000,,,0,100,,92,,87
New Zealand,2010,80.94,100,9.59,9.62,2300,19.78,,0,100,20.1,90,,
New Zealand,2000,78.57,100,7.47,8.83,1200,15.71,,0,100,,90,,
Nicaragua,2019,75.04,,,3.69,9600,,,,,,98,90,99
Nicaragua,2015,74.62,59.5,7.96,3.72,8900,,,7.09,73.39,,98,81,
Nicaragua,2010,74.05,60.78,7.71,3.33,8000,19.83,10.87,9.93,68.39,,98,81,
Nicaragua,2000,73.26,63.37,5.24,3.58,4200,13.12,7.82,15.78,58.37,,83,83,
Niger,2019,63.29,,,0.11,33000,,,,,,81,81,58
Niger,2015,61.54,41.6,7.14,0.12,35000,,,69.77,12.75,,84,81,16
Niger,2010,58.95,36.27,6.87,0.11,37000,10.69,15.21,74.43,10.56,8.1,70,84,
Niger,2000,50.35,24.41,7.2,0.09,38000,8.43,23,83.72,5.07,,,63,
Nigeria,2019,62.62,,,4.49,1800000,,,,,,57,60,9
Nigeria,2015,61.16,53.11,3.58,4.51,1600000,,,20.61,37.68,,42,55,
Nigeria,2010,59.24,46.96,3.3,5.22,1400000,5.72,7.57,22.6,34.31,5.7,49,69,
Nigeria,2000,53.63,34.88,3.2,11.47,1000000,5.93,16.22,26.4,29.52,,,57,
Norway,2019,82.62,,,6.05,0,,,,,,96,,95
Norway,2015,82.01,100,10.13,5.97,0,,,0,98.06,,,,91
Norway,2010,80.87,100,8.91,6.59,0,17.42,,0,98.06,18.2,,,97
Norway,2000,78.53,100,7.71,5.67,0,16.23,,0,98.07,,,,90
Oman,2019,73.9,,,0.47,2500,,,,,,99,99,99
Oman,2015,72.52,77.9,4.3,0.45,2100,,,0,100,,99,98,98
Oman,2010,70.36,67.42,2.82,0.51,1800,6.7,0,1.79,97.07,9.6,99,91,99
Oman,2000,69.07,0,3.06,0.38,1400,7.03,0,,88.69,,99,94,99
Pakistan,2019,65.61,,,0.04,190000,,,,,,75,85,71
Pakistan,2015,64.18,88.84,2.69,0.04,130000,,,13.7,56.64,,72,75,54
Pakistan,2010,62.64,86.24,2.6,0.04,68000,4.72,6.04,22.33,49.07,27.1,52,84,34
Pakistan,2000,60.08,81.49,2.89,0.02,470,3.53,0.76,40.19,31.37,,,71,
Panama,2019,79.29,,,6.54,0,,,,,,88,,97
Panama,2015,78.72,90.52,6.81,6.84,0,,,4.5,81.14,,73,,92
Panama,2010,77.53,85.33,7.09,6.1,0,15.11,1.25,5.57,74.24,10.1,94,,73
Panama,2000,77.23,74.51,6.91,5.08,0,21.32,1,7.8,61.07,,,,88
Papua New Guinea,2019,65.3,,,1.26,52000,,,,,,35,70,20
Papua New Guinea,2015,64.49,33.38,1.82,1.36,42000,,,14.3,14.13,,52,70,
Papua New Guinea,2010,63.42,30.27,2.11,0.73,33000,10.39,19.6,13.83,17.16,,67,61,
Papua New Guinea,2000,63.29,26.54,1.97,0.67,10000,9.9,23.85,13.25,20.88,,57,24,
Paraguay,2019,75.81,,,5.47,22000,,,,,,86,95,83
Paraguay,2015,75.56,94.27,6.75,5.21,21000,,,0.69,87.67,,92,85,72
Paraguay,2010,74.99,80.48,4.63,6.27,20000,11.16,2.22,0.75,82.21,18.5,91,85,77
Paraguay,2000,74.8,52.69,5.5,5.64,14000,17.7,2.78,0.88,70.34,,,47,
Peru,2019,79.9,,,5.74,87000,,,,,,88,95,66
Peru,2015,79.08,72.73,5.03,5.68,71000,,,7.75,73.34,,90,85,63
Peru,2010,77.28,65.61,4.72,5.23,57000,13.29,0.87,10.91,70.72,16.6,93,85,56
Peru,2000,74.42,51.32,4.6,4.76,55000,14.09,1.45,18.35,64.2,,,66,
Philippines,2019,70.43,,,4.85,97000,,,,,,65,90,40
Philippines,2015,70.3,88.68,4.32,4.52,50000,,,5.83,74.26,,60,90,51
Philippines,2010,69.96,85.49,4.31,4.73,17000,9.31,1.77,7.73,68.7,28.6,77,75,10
Philippines,2000,69.03,79.32,3.15,4.72,990,8.42,3.47,10.95,62.13,,7,55,
Poland,2019,78.27,,,10.96,0,,,,,,91,,92
Poland,2015,77.29,98.15,6.4,10.47,0,,,0,97.69,,96,,94
Poland,2010,76.25,94.69,6.42,10.07,0,10.75,0.16,0,94.28,31.6,98,,94
Poland,2000,73.7,0,5.3,8.4,0,9.18,0.04,0,87.57,,99,,96
Portugal,2019,81.57,,,10.37,0,,,,,,98,,96
Portugal,2015,80.89,100,8.98,10.34,0,,,0,99.44,,98,,95
Portugal,2010,79.73,99.38,9.84,11.26,0,13.84,,0,98.79,26.4,97,,95
Portugal,2000,76.58,98.5,8.38,12.77,0,14.52,0,0,97.32,,58,,48
Qatar,2019,77.17,,,0.96,0,,,,,,98,,95
Qatar,2015,76.41,0,3.17,1.03,0,,,0,100,,99,,91
Qatar,2010,74.08,0,1.79,1.07,0,5.13,0,0,100,14.5,97,,98
Qatar,2000,71.29,0,2.01,0.55,0,5.02,0,0,99.99,,89,,
Republic of Korea,2019,83.3,,,7.74,0,,,,,,98,,96
Republic of Korea,2015,82.2,0,6.65,8.27,0,,,0,100,,98,,97
Republic of Korea,2010,80.58,0,5.92,8.9,0,12.44,,0,100,26.9,94,,98
Republic of Korea,2000,76.21,0,3.9,10.33,0,8.37,,0,100,,93,,39
Republic of Moldova,2019,73.26,,,7.45,15000,,,,,,94,,95
Republic of Moldova,2015,71.13,82.08,8.56,6.76,14000,,,0.13,75.35,,88,,90
Republic of Moldova,2010,68.81,79.29,10.13,6.92,13000,13.78,9.23,0.1,75.17,24.8,98,,98
Republic of Moldova,2000,66.87,73.7,4.94,6.76,6800,8.88,14.71,0,74.31,,92,,
Romania,2019,75.57,,,10.96,19000,,,,,,90,,76
Romania,2015,74.82,100,4.94,9.45,17000,,,0,82.81,,90,,80
Romania,2010,73.7,100,5.77,10.01,15000,11.85,0.08,0,79.07,31.6,98,,93
Romania,2000,71.39,100,4.21,9,8500,9.15,,,,,98,,96
Russian Federation,2019,73.23,,,7.29,0,,,,,,97,,97
Russian Federation,2015,71.3,91.65,5.3,8.06,0,,,0,89.64,,97,,97
Russian Federation,2010,68.76,89.23,4.97,10.82,0,9.72,,0,87.55,30.6,97,,98
Russian Federation,2000,65.29,84.88,5.01,10.21,0,12.67,0.2,0,83.38,,,,86
Rwanda,2019,69.1,,,6.35,230000,,,,,,98,95,92
Rwanda,2015,67.69,51.22,6.86,6.31,220000,,,2.43,64.24,,98,90,87
Rwanda,2010,64.44,47.72,8.46,7.13,210000,11.32,64.13,3.04,58.26,15.9,97,85,
Rwanda,2000,47.51,41,4.26,8.71,200000,8.52,51.96,4.32,45.44,,,81,
Saint Lucia,2019,74.33,,,9.3,,,,,,,92,,75
Saint Lucia,2015,75.01,97.82,4.61,9.23,,,,0.79,88.37,,99,,95
Saint Lucia,2010,75.2,94.46,5.35,10.33,,13.12,4.04,3.77,86.71,,97,,74
Saint Lucia,2000,73.21,86.79,5.43,12.8,,11.72,0.34,10.83,81.51,,,,89
Saint Vincent and the Grenadines,2019,73.22,,,7.48,,,,,,,97,,99
Saint Vincent and the Grenadines,2015,72.47,0,4.08,7.41,,,,3.36,87.18,,99,,99
Saint Vincent and the Grenadines,2010,72.85,0,4.55,7.19,,11.73,6.35,3.16,82.51,,99,,89
Saint Vincent and the Grenadines,2000,70.61,0,4.3,5.13,,10.76,0.25,2.66,70.83,,,,
Samoa,2019,70.45,,,2.18,,,,,,,58,,44
Samoa,2015,70.04,96.25,5.67,2.1,,,,0.09,98.07,,84,,48
Samoa,2010,69.57,94.07,5.49,2.96,,12.59,13.35,0.06,97.82,33.5,72,,30
Samoa,2000,68.51,89.93,4.4,3,,13.74,16.33,0.03,97.56,,93,,
Sao Tome and Principe,2019,70.42,,,4.23,,,,,,,95,99,81
Sao Tome and Principe,2015,69.6,75.72,5.34,5,,,,49.09,41.36,,96,99,76
Sao Tome and Principe,2010,68.24,69.68,6.84,5,,5.58,27.47,56.46,34.03,5.7,98,99,
Sao Tome and Principe,2000,63.45,58.19,10.51,5.07,,8.99,34.79,70.62,20.39,,,,
Saudi Arabia,2019,74.31,,,0,0,,,,,,97,,96
Saudi Arabia,2015,73.15,0,6,0,0,,,0,99.8,,98,,96
Saudi Arabia,2010,71.76,0,3.65,0,0,6.22,0,0,99.27,16.6,98,,98
Saudi Arabia,2000,70.52,0,4.21,0.05,0,8.57,0,0,98.41,,93,,
Senegal,2019,68.58,,,0.25,41000,,,,,,93,95,78
Senegal,2015,67.2,66.61,4.38,0.19,42000,,,14.91,50.09,,89,91,54
Senegal,2010,65.47,57.28,4,0.18,44000,8.77,22.25,17.87,46.49,11.2,89,88,
Senegal,2000,58.6,39.97,3.57,0.24,34000,10.14,16.24,23.99,38.89,,,62,
Serbia,2019,75.87,,,7.45,3200,,,,,,94,,91
Serbia,2015,75.21,84.09,8.82,7.2,2500,,,0.07,97.64,,94,,86
Serbia,2010,74.2,88.15,9.53,8.87,1800,14.31,0.78,0.06,96.53,42.7,89,,91
Serbia,2000,71.43,93.11,6.5,,990,13.61,1.14,0.07,95.28,,,,78
Seychelles,2019,73.34,,,9.48,,,,,,,99,100,99
Seychelles,2015,73.2,0,4.59,8.7,,,,0,100,,98,100,98
Seychelles,2010,73.01,0,4.83,5.54,,8.93,6.42,0.65,98.39,22.9,99,100,98
Seychelles,2000,71.87,0,4.61,8.33,,7.94,4.5,1.41,94.14,,98,100,
Sierra Leone,2019,60.77,,,3.22,78000,,,,,,95,93,72
Sierra Leone,2015,56.94,46.9,20.41,3.06,72000,,,18.59,14.94,,86,85,60
Sierra Leone,2010,54.74,38.83,10.94,3.48,63000,11.85,13.31,21.09,13.2,25.7,86,85,
Sierra Leone,2000,48.73,24.41,11.52,3.75,42000,14.64,7.09,26.26,10.18,,,53,
Singapore,2019,83.22,,,1.81,7900,,,,,,96,,84
Singapore,2015,82.81,0,4.18,1.82,7700,,,0,100,,96,,90
Singapore,2010,81.7,0,3.2,1.84,6500,9.75,0,0,100,16.5,96,,96
Singapore,2000,78.44,0,3.34,2.02,2900,7.08,0,0,100,,97,,98
Slovakia,2019,78.23,,,10.3,0,,,,,,97,,98
Slovakia,2015,77.01,100,6.79,10.27,0,,,0,97.93,,96,,98
Slovakia,2010,75.47,98.29,7.74,10.16,0,14.55,,0,97.91,31.9,99,,99
Slovakia,2000,73.3,96.8,5.3,11.33,0,9.43,0.93,0,97.87,,98,,99
Slovenia,2019,81.31,,,11.05,0,,,,,,,,94
Slovenia,2015,80.47,99.4,8.5,11.49,0,,,0,99.11,,,,96
Slovenia,2010,79.55,99.4,8.57,10.33,0,13.6,,0,99.11,23.8,,,96
Slovenia,2000,76.05,99.4,7.8,12.8,0,13.15,,0,99.11,,,,98
Solomon Islands,2019,65.25,,,1.19,,,,,,,94,85,54
Solomon Islands,2015,64.74,63.01,5.19,1.01,,,,54.17,31.84,,87,85,
Solomon Islands,2010,63.69,69.14,10.33,1.09,,20.32,36.19,55.25,26.87,39.5,87,85,
Solomon Islands,2000,62.51,76.47,5.28,0.71,,20.75,13.07,57.23,20.44,,81,75,
Somalia,2019,56.47,,,0,11000,,,,,,42,67,
Somalia,2015,54.57,26.53,,0,12000,,,30.86,35.7,,42,67,
Somalia,2010,51.98,21.2,,0,16000,,,40.07,29.07,,,64,
Somalia,2000,49.87,19.6,,0,15000,,,58.75,19.67,,,47,
South Africa,2019,65.25,,,7.21,7500000,,,,,,77,90,54
South Africa,2015,62.57,78.97,8.2,7.2,7000000,,,2.54,73.89,,85,80,59
South Africa,2010,57.14,74.71,7.42,7.07,5900000,14.11,2.48,5.49,69.08,33.9,71,77,55
South Africa,2000,55.75,66.19,7.44,7.7,3200000,13.63,1.61,12.35,58.78,,73,68,62
South Sudan,2019,62.79,,,,190000,,,,,,49,68,
South Sudan,2015,61.99,36.4,,,180000,,,65.68,9.6,,31,68,
South Sudan,2010,61.1,0,,,160000,,,,,,,,
South Sudan,2000,54.15,0,,,97000,,,,,,,,
Spain,2019,83.22,,,10.73,150000,,,,,,96,,94
Spain,2015,82.33,100,9.13,10.35,140000,,,0,99.9,,97,,94
Spain,2010,81.69,100,9.12,8.94,140000,15.49,,0,99.9,31.6,97,,92
Spain,2000,79.08,100,6.8,11.61,91000,13.18,0,0,99.9,,77,,
Sri Lanka,2019,76.87,,,2.58,3600,,,,,,99,99,99
Sri Lanka,2015,76.27,86.36,3.89,2.72,3800,,,0.95,94.43,,99,95,99
Sri Lanka,2010,73.3,82.94,3.87,2.31,4000,6.8,2.39,2.06,91.02,24.6,99,86,99
Sri Lanka,2000,71.89,75.99,4.25,1.45,2100,6.91,0.28,,84.64,,,92,
Sudan,2019,69.15,,,,46000,,,,,,93,80,74
Sudan,2015,67.94,51.71,7.19,,44000,,,26.63,35.07,,93,77,69
Sudan,2010,66.56,44.25,5.06,,42000,11.65,2.71,37.73,28.24,,75,74,
Sudan,2000,62.47,35.3,3.61,,25000,8.54,4.33,50.93,20.59,,,61,
Suriname,2019,71.48,,,6.6,5800,,,,,,77,93,58
Suriname,2015,72.6,87.35,6.22,4.75,5400,,,3.48,83.83,,73,93,43
Suriname,2010,71.83,82.92,5.03,5.27,4800,11.89,9.27,5.12,82.3,,84,93,
Suriname,2000,69.94,73.57,6.28,4.46,3300,14.02,8.97,8.43,79.19,,,92,
Sweden,2019,82.4,,,7.1,0,,,,,,97,,95
Sweden,2015,81.75,100,10.8,7.13,0,,,0,99.3,,53,,95
Sweden,2010,81.3,100,8.33,7.38,0,14.75,0,0,99.31,37.6,,,94
Sweden,2000,79.57,100,7.33,6.2,0,12.6,0,0,99.31,,,,94
Switzerland,2019,83.45,,,9.41,17000,,,,,,69,,90
Switzerland,2015,82.61,100,11.37,9.62,16000,,,0,99.89,,,,87
Switzerland,2010,82.19,100,10.28,10.01,14000,20.96,0,0,99.89,26.6,,,83
Switzerland,2000,79.72,100,9.37,11.26,9700,15.43,0,0,99.9,,,,
Syrian Arab Republic,2019,72.67,,,0.13,620,,,,,,54,91,54
Syrian Arab Republic,2015,64.4,94.57,,0.23,510,,,0.69,91.56,,41,91,47
Syrian Arab Republic,2010,74.35,93.08,3.28,0.77,500,5.26,1.87,0.81,92.52,,84,94,82
Syrian Arab Republic,2000,71.46,90.11,4.35,0.93,260,6.94,0.13,1.84,92.58,,79,90,80
Tajikistan,2019,69.5,,,0.85,14000,,,,,,97,,97
Tajikistan,2015,68.66,71.69,6.91,0.92,9700,,,0.07,96.13,,96,,94
Tajikistan,2010,68.01,62,5.74,0.68,5000,5.87,8.24,0.42,93.88,,93,,95
Tajikistan,2000,65.58,43.47,4.26,0.81,30,6.46,2.28,1.42,89.67,,,,59
Thailand,2019,77.7,,,6.86,470000,,,,,,97,98,87
Thailand,2015,77.41,99.02,3.67,6.95,520000,,,0,97.96,,99,95,95
Thailand,2010,76.25,96.64,3.39,6.19,580000,12.46,0.31,0.41,95.83,26.5,98,91,91
Thailand,2000,71.25,91.66,3.1,5.81,720000,10,0.04,1.34,92.02,,95,85,99
The former Yugoslav Republic of Macedonia,2019,74.82,,,3.9,0,,,,,,92,,94
The former Yugoslav Republic of Macedonia,2015,73.73,90.58,6.34,3.57,0,,,0.69,98.14,,92,,93
The former Yugoslav Republic of Macedonia,2010,73.11,94.08,6.71,3.53,0,13.2,0.7,0.49,93.15,,90,,99
The former Yugoslav Republic of Macedonia,2000,71.11,98.55,8.87,4.49,0,14.95,2.73,0.08,85.21,,,,95
Timor-Leste,2019,69.62,,,0.41,1500,,,,,,83,83,80
Timor-Leste,2015,68.87,65.32,3.95,0.41,930,,,22.45,51.32,,76,81,
Timor-Leste,2010,68.06,54.95,1.43,0.1,510,4.54,57.98,30.01,45.84,45.6,72,81,
Timor-Leste,2000,62.67,0,,0.5,160,11.62,,,,,,,
Togo,2019,64.27,,,1.4,120000,,,,,,84,83,67
Togo,2015,61.92,46.19,6.25,1.36,120000,,,49.09,15.3,,82,81,
Togo,2010,59.33,40.69,5.9,1.26,110000,8.6,13.4,52.45,13.29,9.2,83,81,
Togo,2000,55.95,29.6,3.31,1.08,97000,7.69,7.22,58.56,9.99,,,63,
Tonga,2019,72.57,,,0.31,,,,,,,99,,99
Tonga,2015,72.33,99.77,4.58,0.23,,,,0,93.45,,96,,99
Tonga,2010,72.22,98.81,4.74,1.24,,13.03,9.11,0.09,91.58,31.3,99,,98
Tonga,2000,70.92,97.37,2.93,1.22,,15.38,22.19,0.32,88.73,,97,,
Trinidad and Tobago,2019,76.13,,,5.81,11000,,,,,,93,,92
Trinidad and Tobago,2015,74.61,0,6.04,5.97,11000,,,0.07,93.4,,90,,79
Trinidad and Tobago,2010,72.12,0,5.08,5.79,11000,8.33,1.01,0.13,92.61,,90,,82
Trinidad and Tobago,2000,69.7,0,4.23,4.81,7800,6.77,7.45,0.33,90.02,,,,
Tunisia,2019,77.04,,,1.51,6500,,,,,,92,97,93
Tunisia,2015,76.7,87.26,7.01,1.5,5000,,,0.29,90.3,,93,96,94
Tunisia,2010,76.05,78.91,5.88,1.26,3000,15.66,0.3,3.48,86.09,31.3,98,96,98
Tunisia,2000,74.12,70.64,5.05,1.2,540,11.96,0.88,10.76,77.08,,94,68,98
Turkey,2019,78.62,,,1.18,0,,,,,,99,95,88
Turkey,2015,77.79,98.63,4.12,1.32,0,,,0.33,97.19,,97,90,86
Turkey,2010,76.89,95.99,5.02,1.42,0,10.96,0.07,0.38,92.28,31.7,96,90,91
Turkey,2000,74.41,89.3,4.6,1.66,0,9.76,0.06,0.54,81.95,,71,50,
Turkmenistan,2019,69.75,,,2.88,0,,,,,,99,,99
Turkmenistan,2015,69.11,97.01,6.3,3.36,0,,,0,97.85,,99,,99
Turkmenistan,2010,67.31,91.31,5,2.9,0,8.68,0.88,0.18,95.68,,96,,99
Turkmenistan,2000,63.32,79.15,6.89,2.89,0,13.72,1.4,0.59,92.81,,,,92
Uganda,2019,66.69,,,6.82,1500000,,,,,,93,85,
Uganda,2015,64.47,38.23,6.79,7.44,1300000,,,6.6,18.42,,89,85,
Uganda,2010,59.67,31.17,10.52,8.55,1200000,19.53,50.86,9.16,18.21,14.8,80,85,
Uganda,2000,48.76,19.18,7.56,11.68,1000000,8.77,27.45,14.64,17.39,,,70,
Ukraine,2019,73.02,,,5.69,250000,,,,,,76,,92
Ukraine,2015,72.2,91.33,7.78,6.04,240000,,,0,96.22,,22,,57
Ukraine,2010,70.2,94.34,6.81,7.77,240000,12.67,0.26,0,95.67,30.7,48,,41
Ukraine,2000,67.53,94.61,5.31,6.95,170000,10.24,0.54,0.06,94.4,,4,,99
United Arab Emirates,2019,76.08,,,2.03,0,,,,,,98,,99
United Arab Emirates,2015,75.31,0,3.58,2.12,0,,,0.06,98.58,,99,,99
United Arab Emirates,2010,74.86,0,3.88,1.69,0,8.68,0,0.06,98.56,19.4,94,,94
United Arab Emirates,2000,73.18,0,2.37,1.66,0,7.8,0,0.06,98.52,,92,,92
United Kingdom of Great Britain and Northern Ireland,2019,81.4,,,9.8,0,,,,,,93,,87
United Kingdom of Great Britain and Northern Ireland,2015,80.65,100,9.9,9.59,0,,,0,99.11,,,,89
United Kingdom of Great Britain and Northern Ireland,2010,80.25,100,9.99,10.01,0,15.93,,0,99.12,25.4,,,84
United Kingdom of Great Britain and Northern Ireland,2000,77.85,100,7.28,10.82,0,15.17,0,0,99.13,,,,76
United Republic of Tanzania,2019,67.34,,,7.81,1700000,,,,,,89,91,72
United Republic of Tanzania,2015,65.36,39.14,3.65,7.86,1500000,,,11.59,26.87,,96,90,53
United Republic of Tanzania,2010,61.39,31.03,5.22,6.95,1300000,10.93,39.6,11.11,19.3,17,91,83,
United Republic of Tanzania,2000,52.47,16.44,3.42,5.96,1200000,9.24,27.81,9.66,4.32,,,79,
United States of America,2019,78.5,,,8.93,0,,,,,,91,,95
United States of America,2015,78.56,96.97,16.71,8.78,1100000,,,0,99.97,,92,,93
United States of America,2010,78.56,96.97,16.35,8.56,960000,18.97,,0,99.97,27.9,92,,89
United States of America,2000,76.69,0,12.54,8.21,680000,16.79,,0,99.97,,90,,85
Uruguay,2019,77.1,,,5.42,0,,,,,,94,,99
Uruguay,2015,77.03,92.64,9.01,6,0,,,0.56,96.2,,95,,93
Uruguay,2010,76.36,83.9,8.59,5.99,0,19.53,0.08,0.98,95.2,28.3,95,,
Uruguay,2000,74.82,74.61,10.01,7.11,0,9.04,,1.57,93.84,,92,,
Uzbekistan,2019,73.01,,,2.45,50000,,,,,,96,,99
Uzbekistan,2015,71.45,95.64,4.99,2.59,36000,,,0,100,,99,,99
Uzbekistan,2010,70.19,93.42,5.12,1.74,21000,8.67,1.74,0.05,98.52,13.8,99,,54
Uzbekistan,2000,65.27,75.86,5.22,3.03,2700,8.69,6.73,0.05,92.68,,,,98
Vanuatu,2019,65.31,,,1.6,,,,,,,90,78,
Vanuatu,2015,64.64,86.98,4.16,1.42,,,,0.81,38.13,,80,78,
Vanuatu,2010,64.52,82.89,3.38,1.36,,15.91,26.76,1.47,48.65,27.2,73,73,
Vanuatu,2000,63.9,77.99,3.31,0.82,,10.49,2.73,2.34,61.82,,70,86,
Venezuela (Bolivarian Republic of),2019,73.95,,,2.51,110000,,,,,,64,70,13
Venezuela (Bolivarian Republic of),2015,74.66,0,5.8,6.21,130000,,,3.78,93.94,,87,75,52
Venezuela (Bolivarian Republic of),2010,74.79,0,6.83,7.4,120000,9.11,0.02,5.68,93.94,,78,50,31
Venezuela (Bolivarian Republic of),2000,74.09,0,7.33,8.09,48000,7.32,0.79,,,,5,,
Viet Nam,2019,73.74,,,3.41,230000,,,,,,89,96,92
Viet Nam,2015,73.16,90.73,5.65,2.98,230000,,,3.85,80.08,,97,94,92
Viet Nam,2010,72.72,85.33,5.97,2.26,220000,9.86,3.02,8.22,71.02,,88,87,98
Viet Nam,2000,71.45,75.54,4.85,0.71,120000,7.23,2.56,17.73,52.37,,,86,
Yemen,2019,66.63,,,0.02,11000,,,,,,73,70,46
Yemen,2015,67.47,54.7,4.88,0.03,8900,,,19.93,58.5,,69,70,41
Yemen,2010,67.7,43.53,5.16,0.06,5700,4.3,2.64,23.54,52.9,24.5,76,66,43
Yemen,2000,62.69,25.64,4.67,0.07,1200,7.95,7.93,29.8,42.1,,14,54,
Zambia,2019,62.45,,,3.82,1200000,,,,,,88,85,66
Zambia,2015,60.5,40.59,4.44,3.5,1100000,,,19.77,25.98,,90,85,47
Zambia,2010,56.67,37.54,3.72,2.79,930000,12.6,49.65,21.34,25.33,16.7,83,90,
Zambia,2000,44.46,30.9,7.15,2.82,770000,13.34,12.69,24.5,23.66,,,78,
Zimbabwe,2019,60.68,,,3.11,1400000,,,,,,90,87,75
Zimbabwe,2015,58.48,51.03,7.45,3.84,1300000,,,25.61,37.57,,87,75,
Zimbabwe,2010,51.49,54.14,10.48,3.38,1200000,7.47,,27.12,41.05,15.6,90,76,
Zimbabwe,2000,46.57,59.88,,1.89,1500000,,,30.16,45.93,,79,76,
